# copied from covenant 260f3dd on 2026-10-05; tracked files only
path	bytes	sha256
covenant_trader.py	64782	02eac8c329319ebc9d8b2adcdc543a7526d25e1447bb639c89bb1b0a10c23772
daily.py	37812	2b4e48ee6b0ccdc762d0243b6a1fc8560cd3e796b214715753e817d201e7aadd
venues.py	31607	3cbbbb455f3f6f9510c0ce2d2650f9c9e23fdb898c1d7ecac608e47a38f37e86
signal_ledger.py	12576	6a6a44a329012c432091bb8fea8d018871a802ca546e432aaded82ccc21e3c1d
guards.py	60583	b36663a4f686533c5ab3a04c3192831025ed3bb2d7164724b3b2671bf1685129
money_posture.py	20265	04867f90b7a7cf652d11ce6c023230d0b0c4742d708e9e2a17260fe2170c05a9
durable.py	10012	68078e55847f545d1eaff7965cbcd1128edeee9471eba50422d18add4a564b7a
trader_freshness.py	15796	6e5449108caf970b08a3439f3d11d898be8140fea5af6e54b2dfb88b874a0f2b
coinbase_balance.py	15433	1aeec57507cf45d4757f4b10cd2bb7bd959809f98637bc5a8dbafbae202929de
kraken_balance.py	11119	ac35eca4c9d931fd737da54d16447bc50bb77d45b0469d3abe4d17cec52f2788
trade_daily.py	8166	59d7fcb588cd8489505e1cdebec0f1f7ba12524da9d51febdddd3ef33c853dde
signal_watch.py	11138	42c3342f39ed2ed0fd9fe6759ba0b9742a234dc429ddc46162903a5c58ec0e46
paper_run.py	96723	b8f96449cba417a619f198bcbc0a045fff1e39915df9b36c376edaf59cd18523
paper_bot.py	8173	8275e3357c240c2501f9f775b466d6b5fd673c9c1c2682c2446471cae04c54f9
covenant_backtest.py	28768	176c9bf454af963e8d84da049bf4377087d2df408fc4e2e75d6924a1ac970007
multi_scan.py	10063	de81047bb3cc14f9f4837b12cc786ea9177b7ae29ae889b7279f22046f93ead9
rebalance_strategy.py	8408	c47f6a2b8e952dac64aa500b589108d634349ea5826092fc5d313352d677ea8d
strategy_validate.py	14805	be1def5eed235a86f074c279c99a2f45c15acad1032f3ffaa849e7534db7ac9e
strategy_lab.py	11260	35d0e126cba0978acf8d16eb16a8fd319c3aaa21bc6c6bb4d544f7e8af5ad29d
strategy_pairs.py	9531	5775add64fe8a949f1ec7ff15e43aef51353f3b838a920e4986184653516996c
strategy_cross_sectional.py	14355	9d00d115f958bb488367b7ad1aa88f7bf6d0f28ac1755dfe001a735a877622ea
test_a92_topic_is_a_credential.py	6624	a797276a9bfeba7ffd544f68b469a6af0cb5b3ed38eccee9cdb17fd087e45314
test_d3_daily_guards.py	23841	09b4d66a56d1a7fd90e2b067e4b58852adf0d37d3c5274dd656627c76923a8f1
test_f5_reserve.py	31234	4a562990a15249c0cc17a23dec1d31aface44c4b7b71c5e2f03b025318dd4e5b
test_f7_caps.py	35221	f6464e2f210fc285db660e5dabee35f7ba0a5738a78b011b316eef479b2f7067
test_g2_promised_commands.py	17003	b7c8a8f6ad3689796c91c63eaf8e3cc7213d38ebe53a1105d5bbc4239ed18a22
test_maker_orders.py	4840	3299e4babfc5631fa2a4bc15e44116d8d8f5473de7dc8d0596ec949282385a07
test_paper_run.py	74631	7969f425aca7793263e7a123360b2939921c23733944800db0a93b47c04a7d12
test_r6_contribution.py	8313	1d7b75efb3191da1bcc7ee45d026a3d9962639149c0382785cf06fae94f34e31
test_rule5_ledger.py	18544	967626194ff78bca019188ccb81e3fdd10bef1c67f64a6de69bd56178dd95a62
test_v2_venue_guarantee.py	12267	0ea9c22b70e89c8d4206ea22bde7f531181e67e8c0792d09ce4d5393b52953cb
test_g4_money_gates.py	13110	f290020c456dea80cb09522c30bc64aea391f6c57ef9fb961a1f976fc2836fd7
test_backtest_guardrails.py	10656	552a878b783f5940bc71c82a180de2d05003c9a8dd15cc509c5372d7175eeeb7
MY_STRATEGY.md	7308	2bd9a811b345e2bed5a8a6b9cfdd4835406255808cde03cdc059ebd79aec98eb
TRADER.bat	1114	0d708f0ea38752db5a9edc03d08eacbec247169234098d5b698bbe09943f7b50
TRADER_TASK.bat	1656	99915149e8608930e826423117378e42f1552b1611267bac19fd2193d6e3c71d
TRADE.bat	1058	09b6f2416104ef9d0d9a61d70d48f854eb0ad5aa413ba2429cc2c9c33ffa7c41
quant/covenant_backtest.py	28768	176c9bf454af963e8d84da049bf4377087d2df408fc4e2e75d6924a1ac970007
quant/test_backtest_guardrails.py	10656	552a878b783f5940bc71c82a180de2d05003c9a8dd15cc509c5372d7175eeeb7
tools/strategy_hysteresis.py	5563	a2e4c53098a74013a1e4eed110d9d1d0addac1e5f0cf06e29cd686cf2b287dd5
tools/strategy_shortonly.py	4806	672c9541ba24ece4934c97d46dd2eba148eaae281c0a0a7a65a8844626fe6190
sentinel_witness/order_claims.py	8889	0f64529e5de1e6c4215015049fe802ebc9ffa923a7df7d433a78101e4fcbf0eb
sentinel_witness/verify_record.py	6865	6b4dd8915aa0ffd43169cdd3d0ef5fa16ef89502917f123bf0967caf7e822809
docs/TRADING_READINESS.md	16706	c59905c48dbdd841adea011ffec0850d3c98e8ccb1de43d05f4d1a4e0e5ca8fd
docs/FEDERATION_TRADE_MECHANICS.md	8248	4606304d419ecec2c5a30180616d2319715e7a83e6852398c70fac3e7a7449ae
docs/INTRADAY_SHORTS_2026-09-07.md	4652	b9059ff7972e95529902beb768774816f1b9231c41f2fd5de7b0dae9629ef420
docs/SENTINEL_WITNESS.md	4227	a829e95279cf90507eb6c08c6f8199e6ee50f853ae913b7e1d817476ec707928
docs/SENTINEL_WITNESS_SPEC.md	20153	32dcf576de236cd4deb7566c2b6ff2e896fed508899016912c2428635f6ad1b8
docs/SENTINEL_BASELINE.md	5969	98ba73b2e9d6407bf3ed6a142f08a595e78946c26d67957aaa1c4bddc761758c
docs/STRATEGY_CROSS_SECTIONAL_2026-09-04.md	3846	43663891b789da6e974ce843dd18facc66a8a4d94e2afca8c365bb557ae96bd3
docs/STRATEGY_HYSTERESIS_2026-09-17.md	8748	ab47c345d9fd6594ec9fb38da4bbd08d5f81d5ab1c5fdd075b9ef40842a8d4b6
docs/STRATEGY_PAIRS_2026-09-05.md	2734	7be580c92f4c141ecc6f0689b7fee1b2fe962ef0a97a2c33a71fe1dfdf1935f6
docs/STRATEGY_SPACE_2026-09-07.md	7284	90350d0ed140f17a71d5415bd1309af1f1a1966419c69e6081deaa382fb397e5
docs/STRATEGY_VALIDATION_2026-09-03.md	9498	bb8a0b001394f6d9caa37d442be423f702468f4aef7b1bc89f2547528e73b2f2
docs/results/STRATEGY_VALIDATION_2026-09-03.txt	7417	76397d84fd4971c54b89b7d3df65f014c51c30f747fc6cf99cd474177122d112
realdata/ADA_c.csv	3954	52eb9db87957f2e6b6d35d578e5556ea7adedca5a5a04a4a31d94d3a6d01a539
realdata/CRO_c.csv	4145	c2293fc733889a4b54ae6a414450f314959b09a5f6bc54c1dd380190c0fda6b4
realdata/HBAR-USD.STALE-ends-2026-06-10.csv	15528	9ab1b08502987a987e2de8d880e4613f21679feab07b045b0e636a1932ddd9d4
realdata/HBAR_c.csv	7908	eef9eea2c2bd3912963a49d1d8966db0aa94b0ae232bd675a5d3db68fafcfd72
realdata/ONDO_c.csv	4148	5b36ff569de15a9b697d393dc7fa99b489f49e696b89ab34a00b78fb04965832
realdata/PEPE_c.csv	4815	1c4a33f029a07be07da1656db69f061ce3ff5b63b3dee4a565a76c426e914383
realdata/README.md	3745	d03c9872891d594e5aa880093954f03a090a543a3296a70fb0505052f2024185
realdata/SOL_c.csv	3740	9575a499ca258d5630c7e4aab4b816d3dfdcb6e11a72f36b9a1f2162791a471f
realdata/WLFI_c.csv	2078	0bb95e844eccbc11c7a5193a921d74989f5eacd4953b54c06481947ba7780c11
realdata/XLM_c.csv	4331	85918a931d1e428403c74e364b997876a70b17697f786ed6ddd39066c7579dbd
realdata/XRP-USD.csv	14106	06d1de18e512abfd21ee053dfead01e56f79c52a0b5b6f5029594a76d2242391
realdata/deep/ADA_2025_2026Aug.csv	55051	f0410891da94ffff562d8b5ce558e85d4255adb80447859222d6804c8ba46922
realdata/deep/ATOM_2025_2026Aug.csv	47443	b9a9bb2e713e3999ad621fbea6d72697eaf38e1adbbce5aa532a1bdd4e70f2d7
realdata/deep/AVAX_2025_2026Aug.csv	46431	afe5e052c94116af8868aa3b4f60e2c4cee1bb415a304a4175915449755d5412
realdata/deep/CRO_2025_2026Aug.csv	46516	14889c7b05034b4dc020259210c5fae50f0d73a2e982225be2d04c96d4a41e55
realdata/deep/HBAR_2025Jul_2026Aug.csv	34323	4d21d903ef925278259a0f5cd3f035b78c2db7f0aea3721bcd50240c4d5e746a
realdata/deep/NEAR_2025_2026Aug.csv	47782	bee0097bdc174f5acb81f039d813fc2918c70266ca1e1c7527aa5df53591548e
realdata/deep/ONDO_2025_2026Aug.csv	49479	860cd2e36947b29e0a901e8bea221de2b2dd5a90fe255d5254270c82edbe4f90
realdata/deep/PEPE_2025_2026Aug.csv	64780	210c122a9b69b2c20c1121eced27fe0db6a266dc39461e2cb629f53e6a986ce8
realdata/deep/REFRESH_LOG.md	2197	f7e2e0045f42e9a55fdce53aa885e5f35d3ced90cac1402f5576718f1ab6d63d
realdata/deep/SOL_2025_2026Aug.csv	47239	19fe482adb9bde20c5ce5a0da2fd299fcd5c15c8a43b55834c904ffa0b0fc62f
realdata/deep/SOL_2025_2026Jan.csv	30901	addb42b543d24ccb57114d555f3fae79016ec93a5498adf2a0679caba7e0d6bc
realdata/deep/WLFI_2025Sep_2026Aug.csv	27899	eab50ef2a807db62d783221b860a492900f5aa4f27731d2bcda2d4b175caf663
realdata/deep/XLM_2025Q2_2026Jan.csv	25167	60506ff992e790ae9c8618a71bd00b350a1fd1dc55e99abbae5e56e2fe7724a9
realdata/deep/XLM_2025_2026Aug.csv	54739	287e29a998448a8baf01ff441cf6445ecf474e7bb8a6d4c3239f954897714bcb
realdata/deep/XRP_2025_2026Aug.csv	52475	3ed680f81df3bde337b1d8ce52abf559e83d2ad3496a46ae14f39f2fdc2d5c6f
realdata/deep/XRP_2025_2026Jan.csv	34149	dcecaa872bc60cf0ab5dfae0de05aae62c2417c0ed3e0d91ed95241d87f91d75
realdata/refresh_kraken.py	7972	e9b8a60fe1e5b19833ea4a6342f095a1129106bea9c246ec2774095c078b13af
realdata/series_issues.csv	4276	74cb0f95581b0d8f89bf9c1396d45ca8081a4ba668549c268feb9cc746154d39
../tradeGate.js (from sentinel_witness/tradeGate.js)	6228	9d4566f7f95cc81ade83ced10489859990fd889b7ff4b1991f12cfe148e5ba84
